<?xml version="1.0" encoding="UTF-8"?><TestScript xmlns="http://hl7.org/fhir"><id value="TS1"/><url value="medigree.net/fhir/testing/testscript-1"/><version value="1.0.0"/><name value="A test script"/><status value="active"/><date value="2022-06-04T14:11:26+00:00"/><publisher value="My Organization"/><contact><name value="My Organization"/><telecom><system value="url"/><value value="http://medigree.net"/></telecom><telecom><system value="email"/><value value="my-group@example.com"/></telecom></contact><contact><name value="Bob Smith"/><telecom><system value="email"/><value value="bobsmith@example.com"/><use value="work"/></telecom></contact><jurisdiction><coding><system value="http://unstats.un.org/unsd/methods/m49/m49.htm"/><code value="001"/><display value="World"/></coding></jurisdiction><test><name value="CapabilityStatement"/><description value="Get a server's CapabilityStatement and validate response."/><action><operation><type><system value="http://terminology.hl7.org/CodeSystem/testscript-operation-codes"/><code value="read"/></type><description value="Get the server's metadata"/><accept value="xml"/><encodeRequestUrl value="true"/><params value="?_format=xml"/><url value="http://test.fhir.org/r4/metadata"/></operation></action><action><assert><description value="Confirm that the returned HTTP status is 200(OK)."/><response value="okay"/><warningOnly value="false"/></assert></action><action><assert><description value="Confirm that the returned format is XML."/><contentType value="xml"/><warningOnly value="false"/></assert></action><action><assert><description value="Confirm that the returned resource type is CapabilityStatement."/><resource value="Bundle"/><warningOnly value="false"/></assert></action></test></TestScript>